Email,Avatar,Time on App,Time on Website,Length of Membership,Yearly Amount Spent,App_vs_Web_ratio,Spend_per_membership_year,Avatar_freq,cluster
mstephenson@fernandez.com,Violet,12.66,39.58,4.08,587.95,0.31985850631989626,144.10535683692234,0.006,0
hduke@hotmail.com,DarkGreen,11.11,37.27,2.66,392.2,0.2980949745614442,147.443553592649,0.01,0
pallen@yahoo.com,Bisque,11.33,37.11,4.1,487.55,0.30530853394479834,118.91460514277924,0.012,0
riverarebecca@gmail.com,SaddleBrown,13.72,36.72,3.12,581.85,0.3736383340512437,186.4903248428446,0.012,1
mstephens@davidson-herman.com,MediumAquaMarine,12.8,37.54,4.45,599.41,0.3409696233092802,134.69884613509075,0.006,0
alvareznancy@lucas.biz,FloralWhite,12.03,34.48,5.49,637.1,0.348897901714098,116.0473376962955,0.008,0
katherine20@yahoo.com,DarkSlateBlue,11.37,36.68,4.69,521.57,0.3099781812983048,111.2089315119549,0.006,0
awatkins@yahoo.com,Aqua,12.35,37.37,4.43,549.9,0.33047898500190037,124.13089748738206,0.012,0
vchurch@walter-martinez.com,Salmon,13.39,37.53,3.27,570.2,0.3567812321667671,174.37303535992802,0.006,0
bonnie69@lin.biz,Brown,11.81,37.15,3.2,427.2,0.31790039521129493,133.49995828126302,0.01,0
andrew06@peterson.com,Tomato,13.34,37.23,2.48,492.61,0.35831317866470114,198.6329844221837,0.012,1
ryanwerner@freeman.biz,Tomato,11.58,37.09,3.71,522.34,0.31221352622772913,140.7924148807507,0.012,0
knelson@gmail.com,RoyalBlue,10.96,37.42,4.05,408.64,0.2928914940435197,100.8987405188295,0.008,0
wrightpeter@yahoo.com,Bisque,12.96,36.14,3.92,573.42,0.35860541343095154,146.28057492842476,0.012,0
taylormason@gmail.com,DarkBlue,13.15,36.62,2.49,470.45,0.35909338178335937,188.93566709410956,0.006,1
jstark@anderson.com,Peru,12.64,36.21,3.36,461.78,0.3490748315637992,137.4344829064039,0.004,0
wjennings@gmail.com,PowderBlue,11.73,34.89,3.14,457.85,0.33619947445687953,145.81205547386767,0.002,0
rebecca45@hale-bauer.biz,OliveDrab,12.01,38.39,2.42,407.7,0.31284187775874245,168.47100476404762,0.012,1
alejandro75@hotmail.com,Cyan,14.72,38.24,1.52,452.32,0.38493722842737377,297.5787515929266,0.014,1
samuel46@love-west.net,LightSeaGreen,13.99,37.19,4.06,605.06,0.3761763813881049,149.029519943468,0.008,0
megan33@gmail.com,PeachPuff,11.37,37.61,4.6,534.71,0.3023132065324859,116.24127907798282,0.012,0
agolden@yahoo.com,Black,12.88,37.44,1.56,419.94,0.34401708482860355,269.1921351332467,0.004,1
vstafford@hotmail.com,Olive,13.38,38.73,2.25,436.52,0.3454686200498679,194.00880266275436,0.01,1
denise22@hernandez-townsend.com,Silver,11.66,36.77,3.92,519.34,0.3171063280634667,132.48466008044386,0.004,0
youngbarbara@yahoo.com,Wheat,12.89,37.64,5.71,700.92,0.34245482618345313,122.75304330069294,0.012,0
william25@mcconnell.com,Teal,11.77,37.74,2.72,423.18,0.3118706859599712,155.5808251541084,0.014,0
ijones@schaefer-carr.net,Linen,12.78,36.43,4.65,619.9,0.35080976253610313,133.31179928778508,0.004,0
heatherhall@yahoo.com,MediumSlateBlue,13.01,37.85,3.0,486.84,0.3437252220944459,162.27994590668467,0.006,0
tinasmith@martinez.info,LemonChiffon,11.98,35.29,3.92,529.54,0.3394729288899709,135.0867002329846,0.01,0
chasejennifer@hotmail.com,DarkOrchid,11.97,37.28,4.74,554.72,0.3210836823743648,117.02951117520861,0.006,0
jenniferbarnett@gmail.com,SeaGreen,12.31,36.16,3.06,497.59,0.34043140651461823,162.61105797024248,0.008,0
jared39@hotmail.com,SteelBlue,10.87,35.62,3.47,447.69,0.30516562871517044,129.0172538855176,0.01,0
briancarlson@page-fleming.com,DarkMagenta,13.39,35.69,4.34,588.71,0.3751751085689239,135.64743418261887,0.01,0
joshuaodom@gmail.com,DarkGoldenRod,13.1,38.88,2.82,491.07,0.33693414771259905,174.13823612119288,0.012,1
vickie90@lee-wilson.com,DarkSeaGreen,11.63,35.37,4.12,507.44,0.32880971646000245,123.16501864926731,0.012,0
duane56@hotmail.com,Gainsboro,11.94,38.77,3.65,521.88,0.3079700720152161,142.98078274499102,0.008,0
enash@gmail.com,HotPink,11.76,36.77,1.85,347.78,0.31982593636589784,187.98908757346615,0.008,1
sandraharrison@bailey-gordon.net,LightSeaGreen,11.98,37.04,3.45,490.74,0.32343411653795584,142.2434370308878,0.008,0
cunninghamwilliam@hotmail.com,HoneyDew,9.95,37.39,4.65,478.17,0.26611392708975856,102.83223595005678,0.008,0
teresaallen@hill-leach.info,WhiteSmoke,12.49,36.37,4.22,537.85,0.3434148929498243,127.45257643303877,0.008,0
rhonda96@little.org,GhostWhite,11.73,37.53,4.67,532.75,0.3125499517039715,114.07920469396045,0.01,0
lisacabrera@yahoo.com,DarkSlateBlue,10.63,37.5,4.65,501.87,0.2834666591075558,107.92900904752493,0.006,0
jasonrichardson@elliott.com,Chocolate,12.51,37.14,4.21,591.2,0.33683359351551984,140.42752008847503,0.008,0
hoovernicole@dorsey.net,HoneyDew,11.53,36.89,4.64,547.24,0.3125508183098179,117.93962975439014,0.008,0
christopher20@gmail.com,Snow,13.41,36.11,2.26,448.23,0.3713652624933464,198.331770649659,0.004,1
brianwilson@yahoo.com,BurlyWood,12.17,39.13,3.66,549.86,0.3110145588802822,150.2349316298001,0.006,0
gonzaleskatie@gmail.com,Moccasin,13.15,37.34,3.88,593.92,0.35216924605867045,153.07212549687486,0.012,0
lsmith@chung.com,BlueViolet,12.99,36.46,4.11,563.67,0.3562808459604815,137.14595203261504,0.012,0
dongarcia@hotmail.com,MediumBlue,11.86,36.58,3.2,479.73,0.3242208768665698,149.91557815138182,0.01,0
kimberly46@garcia-nelson.biz,GreenYellow,11.4,36.59,3.2,416.36,0.3115605271505732,130.11245933985646,0.014,0
william82@gmail.com,SandyBrown,13.86,37.78,5.98,725.58,0.366860763185263,121.33442787049701,0.01,0
brenda82@maldonado-gonzalez.net,MediumVioletRed,10.96,37.27,2.95,442.67,0.2940702899364022,150.05757625166905,0.008,0
josephgould@west.info,DarkBlue,10.32,37.45,2.09,384.63,0.2755674158726992,184.03340476870585,0.006,1
wbrady@yahoo.com,SandyBrown,9.98,35.93,3.86,451.46,0.27776230788304185,116.95851892266349,0.01,0
smithtracey@mcgee.com,DarkOliveGreen,12.65,38.47,2.87,522.4,0.32882764936762027,182.02084250144858,0.006,1
amberchase@fowler.info,GreenYellow,11.59,35.25,3.39,483.67,0.3287943169136364,142.67547413702826,0.014,0
gregoryholmes@hotmail.com,DarkSalmon,13.76,39.25,3.0,520.9,0.35057323947584107,173.63327545557485,0.004,1
jeffreydawson@gmail.com,DarkSeaGreen,10.57,36.17,3.32,453.17,0.29223112269197893,136.49694683826903,0.012,0
rjohns@gmail.com,DeepPink,11.83,36.81,3.47,496.65,0.32138005103558676,143.12675990583287,0.012,0
john85@martin-morgan.com,Olive,12.06,37.27,3.97,547.37,0.3235846438533769,137.87653957769783,0.01,0
vcoleman@yahoo.com,SkyBlue,12.5,38.05,4.64,616.85,0.32851510306136394,132.94178169358153,0.004,0
floresarthur@yahoo.com,Magenta,9.61,36.49,5.08,507.21,0.26335981739216724,99.84446853455343,0.01,0
ryan36@gmail.com,DarkTurquoise,13.73,38.0,4.8,613.6,0.36131577996537423,127.83330670139445,0.006,0
chris67@ryan.biz,Silver,11.67,37.41,3.41,483.16,0.31194866848573466,141.68910800905923,0.004,0
katie25@gmail.com,SpringGreen,13.28,36.6,3.46,540.26,0.36284152014094206,156.14446354206254,0.006,0
kyang@diaz.org,OliveDrab,15.13,37.16,5.38,765.52,0.40715822370403065,142.28993637733524,0.012,0
tadams@contreras.info,Aqua,12.7,35.36,4.0,553.6,0.3591628857702804,138.39996540000865,0.012,0
craigcastro@burgess.com,OrangeRed,11.84,36.38,3.44,469.31,0.32545353695839646,136.4272859223006,0.004,0
ellen24@anthony.com,LimeGreen,11.31,37.68,2.78,408.62,0.30015922770278064,146.98555863828827,0.01,0
davisrobert@hicks-smith.com,SkyBlue,11.19,40.01,3.55,451.58,0.2796800729897508,127.20559797025409,0.004,0
walkerlaura@peterson-yates.com,LightGreen,11.89,36.27,2.6,444.97,0.3278191252324476,171.1422418683685,0.01,1
marc54@hotmail.com,SandyBrown,12.23,36.16,4.69,595.82,0.3382190171952706,127.04048463955552,0.01,0
gregoryrussell@yahoo.com,Teal,10.67,38.01,3.4,418.15,0.28071559377228117,122.98525794551236,0.014,0
williamsjohnny@ferguson.info,LightYellow,12.82,37.03,3.85,534.78,0.3462057697486965,138.9038600249714,0.004,0
haydenrebecca@gmail.com,MintCream,13.59,38.26,3.26,578.24,0.35520124529008773,177.3741787195771,0.006,0
langmatthew@hotmail.com,DimGray,12.24,38.73,3.12,478.72,0.3160340739469643,153.43584825774093,0.008,0
david43@richards.com,Indigo,11.55,36.63,2.84,444.29,0.3153153067071989,156.44008576053318,0.008,0
paulkemp@yahoo.com,LightSalmon,11.43,35.89,4.47,544.78,0.31847310341395646,121.87469309290982,0.01,0
fbryant@gmail.com,GreenYellow,10.89,38.21,4.44,488.79,0.2850039182150244,110.08781304328534,0.014,0
kimberlyfrederick@gmail.com,DeepSkyBlue,11.93,36.91,3.16,475.76,0.3232186311780377,150.55691438072327,0.002,0
sharon82@saunders.info,DarkGreen,12.6,39.6,3.75,489.81,0.318181810146924,130.61596516907596,0.01,0
fishermichael@ramos.com,LimeGreen,10.95,35.88,3.16,462.9,0.3051839379826104,146.48729541541283,0.01,0
ilawson@hotmail.com,DarkGoldenRod,13.9,37.06,4.13,596.43,0.37506744805538456,144.41400861646278,0.012,0
shafferdaniel@murphy-harris.info,Turquoise,10.88,37.78,1.91,338.32,0.28798305219737824,177.1307973137187,0.012,1
stevenanderson@yahoo.com,LightGreen,10.34,36.16,4.4,533.51,0.2859513195256826,121.25224516994426,0.01,0
richard16@boyer-pratt.com,LightSteelBlue,11.63,36.18,5.11,536.77,0.32144830510093136,105.04303228120698,0.006,0
hyoung@jones.info,Cornsilk,12.52,37.15,2.67,487.38,0.3370121039835235,182.5392574759335,0.008,1
erik46@hotmail.com,LemonChiffon,10.61,36.82,3.37,473.73,0.28815860162524165,140.57265858378082,0.01,0
rojasmichael@wagner-thomas.com,DarkKhaki,12.83,36.95,4.57,547.13,0.3472259716582958,119.72207445906466,0.008,0
lance88@briggs.com,FireBrick,12.07,36.11,3.92,505.11,0.3342564294030344,128.85455896567373,0.004,0
anthony09@hotmail.com,LightSeaGreen,12.53,37.88,2.48,449.07,0.33078140626237046,181.07653988849196,0.008,1
audreyjohnson@rosales.com,SlateGray,13.52,36.77,4.13,611.0,0.3676910424886853,147.94185279858286,0.008,0
beth76@yahoo.com,Crimson,11.66,36.05,4.0,515.83,0.3234396581570137,128.95746776063308,0.01,0
larrywest@davis.com,MidnightBlue,13.66,37.72,1.36,439.07,0.3621420900810687,322.8453508490067,0.008,1
raylopez@hotmail.com,DarkGoldenRod,11.83,36.63,4.19,514.09,0.3229593141425249,122.69448145716433,0.012,0
middletonrenee@gmail.com,DarkCyan,13.29,38.63,3.87,543.34,0.34403312596341895,140.39789653801122,0.008,0
grichardson@ryan.info,SteelBlue,11.94,38.06,4.08,521.14,0.3137151783049086,127.73036085040174,0.01,0
esmith@gmail.com,OldLace,13.35,37.83,4.25,614.72,0.35289451882382983,144.63996596706684,0.004,0
michael53@munoz.com,MediumBlue,12.02,39.07,3.91,507.39,0.3076529227629147,129.76723023856002,0.01,0
jacqueline46@mcdonald-smith.biz,Gray,12.08,35.89,3.02,495.3,0.3365839973088884,164.0065682097456,0.006,0
briannasantana@gmail.com,LightPink,13.41,35.99,3.18,518.06,0.3726034906195196,162.9118984553778,0.008,0
mark52@yahoo.com,BlanchedAlmond,11.28,37.39,2.88,390.1,0.30168493442939465,135.45134185717296,0.01,0
acampbell@sanchez-velasquez.info,Wheat,11.45,37.58,2.59,420.74,0.3046833340957069,162.44781372671284,0.012,1
qgarcia@williams.com,Aqua,12.6,36.26,2.97,492.11,0.34749033790705086,165.69354690452965,0.012,0
jenniferking@hess.net,BlueViolet,10.99,38.07,3.43,410.07,0.2886787420888169,119.55390100469357,0.012,0
taylor91@hotmail.com,CadetBlue,13.09,35.85,2.93,497.51,0.3651324863282431,169.79857686055396,0.014,1
afry@ford.biz,PaleTurquoise,12.19,36.15,3.78,494.55,0.3372060764258347,130.83329872134954,0.002,0
amandadean@gmail.com,DimGray,10.72,37.71,3.0,378.33,0.2842747206503654,126.10995796334734,0.008,0
brenda68@hotmail.com,Moccasin,12.93,38.17,3.85,570.45,0.33874769874907784,148.16879268343047,0.012,0
bakerdrew@gmail.com,Chartreuse,13.45,38.5,3.32,549.01,0.3493506402766067,165.36440802276866,0.004,0
connorlambert@yahoo.com,Khaki,12.15,37.33,3.36,459.29,0.32547548016406436,136.69341169838938,0.004,0
tknapp@yahoo.com,MediumSpringGreen,12.18,37.72,3.72,492.95,0.3229056117999573,132.5134052383319,0.01,0
garcialisa@yahoo.com,LemonChiffon,11.01,38.42,3.54,424.76,0.28656948759579676,119.98866666986817,0.01,0
josephallen@hotmail.com,PeachPuff,11.6,37.31,2.79,422.43,0.3109085952584134,151.4085478822409,0.012,0
hailey18@yahoo.com,Lime,12.73,35.6,5.49,642.1,0.3575842596184197,116.95808434278973,0.008,0
whess@hotmail.com,Tomato,11.22,37.69,2.59,413.37,0.2976916875114968,159.60225497982432,0.012,1
josesims@hunter.com,SlateBlue,12.01,36.7,2.75,479.23,0.32724794748643193,174.26539117622139,0.014,1
dtaylor@webb.com,Orange,11.73,36.0,5.0,593.08,0.3258333242824077,118.61597627680474,0.012,0
briangonzales@gmail.com,Fuchsia,12.09,38.31,3.87,506.55,0.31558339035282196,130.89143904613977,0.004,0
jared99@yahoo.com,GoldenRod,13.07,37.54,3.8,571.31,0.34816195130096034,150.34469727771122,0.004,0
qchristian@martinez-allen.com,GreenYellow,12.85,35.01,3.29,576.31,0.3670379786621543,175.17015952274784,0.014,0
ngarcia@donaldson.info,ForestGreen,11.56,37.67,4.72,576.8,0.30687548959714656,122.20336393996526,0.004,0
scastillo@hotmail.com,Moccasin,11.11,37.39,4.02,514.24,0.29713826431831336,127.92036618896364,0.012,0
joshua56@garcia.com,Indigo,12.81,36.55,3.64,495.18,0.3504787865806078,136.03842416526808,0.008,0
richard81@day.org,SlateBlue,11.76,37.57,3.83,514.34,0.3130156956876312,134.2923931351454,0.014,0
jessica97@hotmail.com,Cyan,12.58,37.09,4.53,541.23,0.33917497063426877,119.47679481748459,0.014,0
angelaphillips@gmail.com,MintCream,11.96,36.63,4.11,516.83,0.32650831759464055,125.7493611315423,0.006,0
donald67@harrison.com,Lime,10.65,37.15,3.22,468.45,0.2866756315834285,145.48132127909275,0.008,0
zmalone@yahoo.com,Moccasin,12.75,36.71,3.28,548.28,0.3473167979483302,167.1584856224129,0.012,0
rlindsey@norris.com,Green,11.54,37.53,2.92,431.62,0.3074873352654587,147.8150178715692,0.008,0
lewisgabrielle@hotmail.com,LightSkyBlue,11.92,37.25,3.91,552.94,0.3199999914093962,141.4168436274057,0.012,0
kristina69@gmail.com,BlueViolet,12.42,38.95,4.92,573.31,0.3188703384115446,116.52639908000017,0.012,0
krista86@norton.net,Azure,11.81,37.41,2.47,452.63,0.31569098327476663,183.25093795508582,0.002,1
chelsea05@hansen.com,LightGray,12.76,36.6,4.13,542.71,0.3486338702559052,131.40674784340246,0.006,0
jill33@allen.com,DarkCyan,11.85,37.42,1.77,407.8,0.31667556609632375,230.39535005912427,0.008,1
welchashlee@hotmail.com,GreenYellow,12.7,36.1,2.72,482.35,0.3518005442714531,177.3344936270244,0.014,1
dawnlewis@watkins.org,Crimson,12.22,36.59,3.9,529.23,0.3339710212087723,135.69996520513712,0.01,0
ashleychristopher@gmail.com,MediumOrchid,11.28,36.49,2.49,433.05,0.30912577941557196,173.9155928049828,0.004,1
acontreras@hotmail.com,Sienna,10.74,37.46,3.86,476.19,0.28670581188719135,123.36525301418315,0.008,0
alvaradoadam@jones-thompson.com,Aquamarine,10.96,37.33,3.58,440.0,0.29359763478174034,122.90499360195709,0.006,0
thomasgeorge@gonzalez-grant.com,FloralWhite,11.74,36.6,3.96,448.93,0.32076501855833284,113.36613298835026,0.008,0
solischristina@gmail.com,SlateBlue,12.42,35.98,3.25,472.99,0.34519176361334736,145.53533983528004,0.014,0
jacksonboone@rubio.com,Sienna,10.54,35.73,3.91,463.92,0.2949901960540108,118.64958602312377,0.008,0
kaitlyn78@chang.com,LimeGreen,11.92,39.29,1.44,350.06,0.30338507754173893,243.09705340482404,0.01,1
francisgeorge@thomas.org,Teal,11.91,38.27,2.91,460.06,0.3112098167961898,158.09616560269222,0.014,0
linda90@yoder.org,WhiteSmoke,12.49,36.52,3.35,505.77,0.3420043717961563,150.9760743355002,0.008,0
david79@lopez-montes.com,Purple,12.38,37.23,3.09,463.48,0.3325275226288606,149.99347896651167,0.012,0
micheleblanchard@lopez-greene.com,SlateGray,10.48,37.34,4.51,479.73,0.28066415959656776,106.3702646629125,0.008,0
pmercado@rodriguez.com,LightPink,12.3,36.95,1.83,424.19,0.33288226433336227,231.79768754224725,0.008,1
james30@carter.biz,LimeGreen,10.86,36.58,3.99,465.89,0.2968835348036213,116.76438176331283,0.01,0
parkerkayla@miles.com,DarkSlateBlue,10.72,38.31,2.65,426.78,0.2798224933484079,161.0489958305676,0.006,0
alicia85@lee.com,DimGray,12.39,37.43,6.4,684.16,0.3310178912364977,106.8999832968776,0.008,0
dominguezjacob@hotmail.com,CornflowerBlue,10.98,37.4,5.39,555.89,0.2935828798507252,103.1335615707678,0.002,0
ebrown@osborne.com,DarkSlateGray,12.97,36.97,6.08,657.02,0.35082498374830995,108.06248222656542,0.004,0
nathan86@hotmail.com,MidnightBlue,12.05,36.96,3.86,595.8,0.32602812970703116,154.35229161857728,0.008,0
aaron11@luna.com,LightSkyBlue,13.46,37.24,2.94,503.98,0.36143930286145803,171.42171040077878,0.012,1
fsnow@ellis.com,MediumBlue,12.44,37.33,5.08,586.16,0.3332440307194206,115.38580405791258,0.01,0
asilva@yahoo.com,Wheat,12.21,33.91,6.92,744.22,0.3600707649639999,107.54622723320416,0.012,0
casey21@johnson.com,SpringGreen,11.59,39.09,3.6,512.83,0.29649525974685953,142.45273820757274,0.006,0
campbellross@yahoo.com,DarkRed,11.38,38.3,3.78,528.22,0.29712792957890527,139.7407037723006,0.006,0
blevinseric@stephens.com,Orange,12.36,38.04,3.31,468.91,0.32492112710512283,141.66460976900007,0.012,0
stevenking@patterson.com,LightGray,12.4,35.01,0.97,357.59,0.35418450859227346,368.64910448545925,0.006,1
samuel94@hotmail.com,DarkViolet,12.54,38.31,3.77,536.42,0.32732967039076816,142.2864344067813,0.012,0
johnsonpaul@keller-woodard.org,LimeGreen,13.28,36.94,3.59,490.21,0.35950188523275894,136.5487084822539,0.01,0
twilliams@gibbs.net,CadetBlue,11.8,37.66,4.52,550.05,0.3133297845637339,121.69245095299758,0.014,0
teresapacheco@salinas.biz,DarkMagenta,12.72,37.66,3.68,513.45,0.3377588864110758,139.52441860749494,0.01,0
allison80@carson-hansen.com,ForestGreen,12.04,38.92,2.87,497.81,0.3093525100371914,173.4529012359229,0.004,1
turnerryan@hotmail.com,LightSkyBlue,12.47,35.04,4.06,578.99,0.3558789852774263,142.60833925902975,0.012,0
walkererica@scott.com,MediumAquaMarine,13.16,36.41,3.02,506.54,0.3614391551376228,167.7284212819797,0.006,0
mark94@yahoo.com,Salmon,11.05,37.63,4.72,501.75,0.2936486767566124,106.30294357988484,0.006,0
daniellecuevas@hotmail.com,LavenderBlush,10.64,37.58,2.93,421.97,0.28312931657452595,144.0170156938513,0.008,0
gbarnes@gmail.com,Green,13.44,36.88,2.36,439.89,0.3644251528084286,186.39398881610643,0.008,1
cody68@hotmail.com,SpringGreen,13.28,35.91,4.97,666.13,0.3698134121466608,134.03015411868125,0.006,0
fischermonica@gmail.com,Navy,11.75,36.94,0.8,298.76,0.31808336984073177,373.4495331880835,0.01,1
brenda25@gmail.com,OliveDrab,10.86,38.84,3.67,465.18,0.2796086436763995,126.75200905939808,0.012,0
david58@yahoo.com,LightSalmon,11.69,37.48,1.72,373.89,0.31189967150747944,217.3777805943136,0.01,1
clifford76@johnson.com,RosyBrown,11.55,38.58,4.77,532.72,0.2993779082587375,111.6813183058033,0.006,0
jacquelinehughes@bennett-branch.info,DeepPink,11.72,36.81,4.09,554.9,0.31839173272502763,135.6723384664209,0.012,0
victoria53@hotmail.com,Pink,12.18,35.67,4.13,537.77,0.3414634050613007,130.21062222503093,0.008,0
cunninghamkyle@ellis-parker.org,LightGreen,12.32,37.82,3.44,501.1,0.3257535609266642,145.66856230565048,0.01,0
jjones@yahoo.com,GreenYellow,11.08,37.96,4.72,517.17,0.29188618830647556,109.56989204027711,0.014,0
michaelferguson@torres-miles.net,Sienna,13.18,38.86,3.23,557.53,0.33916622904873317,172.60985368115985,0.008,0
crawforderik@price.org,DarkKhaki,12.83,37.68,2.97,493.72,0.340498929392279,166.2356342640962,0.008,0
jlawson@mccarthy.com,LightGray,11.51,37.25,3.18,452.12,0.3089932802954824,142.17605591947927,0.006,0
marshchristopher@zimmerman-villegas.com,DarkRed,11.86,36.09,4.81,577.27,0.3286228781207293,120.01452806350768,0.006,0
oolson@collins.com,Aqua,12.29,37.06,3.62,485.92,0.33162438392810617,134.2320071182301,0.012,0
isaiahcampbell@yahoo.com,Red,10.93,36.55,3.26,425.75,0.29904239947900413,130.59811944842963,0.002,0
kcannon@alvarez-cline.info,Lavender,13.33,37.96,3.6,537.22,0.3511591056069783,149.2277363256288,0.006,0
nielsencarmen@harrell.net,DeepPink,10.9,36.09,4.79,524.64,0.30202271260674113,109.52816085007079,0.012,0
efreeman@moore.com,White,12.28,38.23,3.32,478.89,0.32121369811107253,144.24393245664686,0.01,0
roblessarah@hotmail.com,MediumSeaGreen,12.04,37.64,4.63,612.39,0.3198724675910609,132.26563018020946,0.008,0
christopherhaas@gmail.com,MediumPurple,11.72,37.15,3.31,476.77,0.31547778424016737,144.03923140808718,0.002,0
ethomas@yahoo.com,LightGreen,11.2,35.49,4.02,505.12,0.3155818451512582,125.65171003688806,0.01,0
wevans@gmail.com,Tan,13.38,36.34,4.37,545.95,0.36818931292819723,124.93132152601338,0.006,0
patrickorr@yahoo.com,LawnGreen,11.39,37.91,2.57,434.02,0.3004484225679657,168.87931172011216,0.002,1
mary84@edwards.com,LightSkyBlue,10.77,37.28,3.52,424.68,0.28889484203608257,120.64769299781449,0.012,0
longwilliam@gmail.com,BurlyWood,11.82,37.1,1.5,352.55,0.3185983741617689,235.03317664454892,0.006,1
lisagutierrez@johnson-herring.net,Peru,13.81,37.43,5.04,662.96,0.3689553735251036,131.53965644054435,0.004,0
david81@hotmail.com,Thistle,11.66,37.28,4.48,560.56,0.31276823195364184,125.1249720703187,0.01,0
jacksonking@mccormick.com,DarkMagenta,13.1,35.91,3.36,467.5,0.36480088095792595,139.136863352124,0.01,0
jessica04@christian-riley.com,LemonChiffon,13.07,36.68,1.92,504.87,0.3563249630227655,262.95298804531876,0.01,1
simmonsmartin@hardy.com,MediumVioletRed,12.49,36.05,4.33,590.56,0.3464632358817411,136.38795926375073,0.008,0
michellejohnson@sanders-rodriguez.com,Teal,11.34,37.04,3.81,443.97,0.30615549929385805,116.52752847046497,0.014,0
tylerhernandez@barton.info,SlateGray,11.2,38.69,3.09,392.5,0.2894804784316237,127.02261261404122,0.008,0
connerjoseph@gmail.com,Turquoise,11.33,35.46,4.54,568.72,0.3195149374079262,125.26869487473681,0.012,0
jeffrey54@mcdonald-williams.com,Gainsboro,13.92,37.95,5.07,712.4,0.3667984093070248,140.5127927982657,0.008,0
hevans@kelly-nunez.org,Orchid,11.03,38.25,3.11,413.3,0.2883660055329149,132.89384794410034,0.01,0
lewiskendra@yahoo.com,Yellow,11.08,36.78,4.75,562.08,0.30125067152662666,118.33260666681966,0.002,0
freemantina@cannon.org,AntiqueWhite,10.54,35.53,3.09,412.01,0.296650709354047,133.3365264283086,0.01,0
wagnerbrian@hotmail.com,AliceBlue,11.8,37.78,3.2,468.67,0.3123345602875977,146.4593292314596,0.004,0
melissa08@nelson.com,Tomato,12.44,38.13,3.85,496.55,0.32625228622469743,128.97399247428766,0.012,0
karina59@gmail.com,PapayaWhip,12.1,36.06,3.97,548.52,0.3355518487090447,138.16621204881307,0.002,0
baldwinbryan@estrada-silva.biz,MediumSeaGreen,12.38,38.76,3.84,536.13,0.3194014365479506,139.6171511413669,0.008,0
audreyguerrero@carey.com,BlueViolet,13.72,35.77,2.91,558.43,0.3835616331126186,191.90027769749904,0.012,1
drew29@hotmail.com,Tomato,12.73,36.54,1.14,357.86,0.3483853216095972,313.91200534034624,0.012,1
michael00@yahoo.com,DarkSlateGray,13.69,34.89,2.69,529.06,0.39237602773356184,196.67650681170747,0.004,1
jgray@khan-allen.com,Gold,10.01,38.35,3.11,387.36,0.26101694234636397,124.55301461317859,0.008,0
bushsusan@hotmail.com,Moccasin,11.44,36.22,4.85,528.93,0.31584758929189427,109.05770947263721,0.012,0
charris@gmail.com,MediumSeaGreen,12.35,37.12,2.31,420.92,0.3327047324163596,182.21637133490418,0.008,1
longphillip@yahoo.com,LightGreen,10.75,35.74,4.84,496.93,0.30078342751025666,102.67146639019289,0.01,0
madisonalexander@gmail.com,Orange,11.59,37.74,3.68,519.37,0.3071012107286378,141.1331138225234,0.012,0
mfoster@brown-white.com,Cyan,11.24,37.68,5.25,591.44,0.2983014782828695,112.6552166371016,0.014,0
sanchezkara@hotmail.com,SlateBlue,11.11,38.59,3.89,502.41,0.28789841181916526,129.1542084436482,0.014,0
floresbradley@hotmail.com,BlanchedAlmond,12.11,36.29,4.39,604.33,0.33370073481122253,137.66056089736657,0.01,0
lamryan@curtis-garcia.net,LavenderBlush,11.87,37.72,4.0,555.07,0.31468716026810284,138.7674653081337,0.008,0
alexandra26@summers-davis.com,Navy,10.26,36.14,0.79,256.67,0.28389595229950326,324.8983229135153,0.01,1
ocortez@gmail.com,MediumBlue,12.17,37.07,4.4,547.11,0.3282978060885405,124.34315355837418,0.01,0
melinda39@morton.info,Moccasin,13.09,37.61,2.65,461.92,0.3480457232638734,174.30936818514408,0.012,1
lisa94@jackson.com,CadetBlue,13.01,36.65,2.37,458.38,0.3549795264671344,193.40920109316409,0.014,1
lucastaylor@yahoo.com,MediumTurquoise,10.98,37.95,3.05,436.28,0.28932805561717906,143.0425760516144,0.008,0
apark@walsh-obrien.net,DarkGreen,13.11,35.57,3.64,532.94,0.36856900847430396,146.4120476889979,0.01,0
dominguezmaria@gmail.com,RoyalBlue,12.14,37.26,3.4,512.55,0.3258185634509243,150.74995566177773,0.008,0
jimmy11@hardin.com,DarkGoldenRod,13.91,37.79,4.3,630.42,0.36808678570820896,146.60926823040273,0.012,0
patriciajackson@jenkins.info,Thistle,11.4,37.33,3.8,463.75,0.3053844011415912,122.03944156856801,0.01,0
rayvanessa@fischer.com,White,13.03,37.08,2.63,493.18,0.3514023637701628,187.5208412468284,0.01,1
gharrison@davis.com,MediumSpringGreen,11.62,35.97,3.63,501.21,0.32304697461643106,138.0743421282804,0.01,0
alexandermichael@hotmail.com,WhiteSmoke,12.6,37.37,3.47,501.93,0.33716884299789024,144.6483733001806,0.008,0
christopher66@hotmail.com,BurlyWood,13.19,37.07,1.49,376.34,0.3558133165413187,252.57701169328075,0.006,1
archeremily@baldwin.com,YellowGreen,13.27,36.97,2.27,421.33,0.35893967111334407,185.6078477498468,0.006,1
hornesteven@gmail.com,White,11.75,38.57,5.02,538.77,0.30464090472800354,107.32467981580083,0.01,0
william28@gmail.com,Cyan,11.57,36.91,2.47,398.16,0.3134651770938723,161.19831530432577,0.014,1
karenosborne@yahoo.com,SlateBlue,12.64,36.1,4.3,571.47,0.35013849445599743,132.89996909303045,0.014,0
chansen@holt.com,LightSkyBlue,11.39,39.08,2.44,451.63,0.29145342140600256,185.09418643680883,0.012,1
hallthomas@lane.com,DarkTurquoise,11.82,36.95,3.66,490.6,0.31989173694474327,134.04367922303845,0.006,0
taylorkimberly@yahoo.com,Gainsboro,12.73,35.97,5.0,591.78,0.35390602296619345,118.35597632880473,0.008,0
clester@yahoo.com,LightCyan,11.2,37.69,2.41,409.07,0.29716104279222494,169.73851878069758,0.008,1
pvega@hotmail.com,LightCoral,11.35,36.32,5.31,563.45,0.3124999913959254,106.11109112785479,0.004,0
vmartin@yahoo.com,Turquoise,14.22,37.52,4.08,647.62,0.37899785770261574,158.73035325236438,0.012,0
andreperez@hotmail.com,DarkOliveGreen,11.55,36.95,3.28,448.34,0.3125845652886451,136.68898271677355,0.006,0
anntaylor@hotmail.com,Teal,11.92,36.84,3.63,518.79,0.32356133757976824,142.9173160007394,0.014,0
hickmanelizabeth@yahoo.com,DeepPink,12.28,37.19,3.98,523.63,0.3301962804464566,131.56529357655938,0.012,0
halljohn@yahoo.com,MediumTurquoise,10.13,34.85,3.29,393.86,0.2906743101671647,119.71424932697589,0.008,0
cohensean@yahoo.com,DarkCyan,12.03,36.13,2.31,426.15,0.33296428638349607,184.48043961885728,0.008,1
jmartinez@anderson.org,PeachPuff,13.17,36.2,3.56,503.39,0.36381214464607337,141.40164567369501,0.012,0
cbrady@gonzalez-miller.com,Aqua,12.33,36.67,3.35,482.6,0.33624215063424734,144.05965848965417,0.012,0
pkline@hotmail.com,MediumTurquoise,13.89,39.22,2.91,524.8,0.3541560338053026,180.34358063794477,0.008,1
martha91@garrison.net,HotPink,12.93,36.36,3.79,574.65,0.35561055127583746,151.62265128689938,0.008,0
maureenlopez@gmail.com,SeaShell,11.38,36.64,4.03,574.75,0.31058951117386707,142.6178306159229,0.006,0
russellbaldwin@ferrell.info,Orange,14.07,38.99,4.98,660.43,0.3608617501702552,132.6164392336467,0.012,0
amandastanley@yahoo.com,CadetBlue,10.8,37.37,2.7,375.4,0.2890018654267631,139.03698554185718,0.014,0
george02@hotmail.com,LightCoral,14.43,37.37,3.93,640.19,0.3861386035285362,162.89817737959862,0.004,0
swilliams@ball-arroyo.com,Orchid,13.04,36.66,3.46,514.01,0.3557010268493992,148.55776053243915,0.01,0
taylorjared@foster.net,Crimson,11.74,36.85,2.18,376.5,0.318588865167195,172.70634279525558,0.01,1
keith13@yahoo.com,LightGoldenRodYellow,12.49,38.24,2.71,484.52,0.3266213303707811,178.7896019226561,0.002,1
schmidtdenise@hotmail.com,DarkGoldenRod,12.89,36.53,4.59,614.73,0.35286065280972756,133.92807539693348,0.012,0
jasmin20@salas.com,HotPink,11.67,37.34,4.26,567.48,0.312533467795033,133.21123633539054,0.008,0
christophermorrison@mcguire-carter.biz,Blue,11.78,37.98,3.78,554.0,0.31016323564604437,146.5608077881461,0.008,0
deborah51@yahoo.com,Violet,12.14,36.85,1.62,399.98,0.32944368169759347,246.90108215982585,0.006,1
melindahartman@gmail.com,Pink,12.22,36.82,3.41,479.17,0.3318848361791191,140.51902037565384,0.008,0
sharper@yahoo.com,SandyBrown,13.4,37.29,3.61,585.93,0.359345659443667,162.3074342638686,0.01,0
jessicabrewer@simmons.net,LightBlue,12.96,38.66,3.28,541.0,0.3352302034342938,164.9389741039713,0.004,0
beckycarson@jones-brown.biz,Gold,12.88,36.23,5.01,628.05,0.3555064765248006,125.35925641531807,0.008,0
jennifer24@hotmail.com,SteelBlue,13.33,36.77,3.37,582.49,0.36252378671406615,172.84564603986763,0.01,0
jeremy00@yahoo.com,FloralWhite,12.16,36.58,5.45,640.79,0.3324220794854544,117.57612521538985,0.008,0
wellsjuan@schroeder.com,Green,11.23,35.67,3.76,446.42,0.31483038085701204,118.72869182747559,0.008,0
gregorystewart@hotmail.com,PaleGoldenRod,12.46,37.75,4.66,570.63,0.330066216422087,122.45276342215377,0.002,0
tammyjones@griffin.com,Navy,9.85,36.88,3.81,423.31,0.2670824222591534,111.10495771523419,0.01,0
djohnson@hotmail.com,Coral,13.33,36.9,5.05,616.66,0.36124660267624387,122.11086690873923,0.002,0
kenneth27@smith.com,DarkGreen,13.68,37.74,2.87,530.36,0.3624801175813429,184.79436069882902,0.01,1
johnathan33@yahoo.com,LightSteelBlue,11.64,37.03,3.24,442.36,0.3143397160588789,136.53082205838825,0.006,0
carrillojacob@perry-larsen.com,Aquamarine,13.49,37.55,3.09,511.98,0.3592543179958904,165.6892667672276,0.006,0
greenelizabeth@edwards.com,DarkViolet,11.62,38.42,4.56,560.44,0.30244663450164927,122.9034818194119,0.012,0
denisemorrow@johnson-james.net,MediumSpringGreen,13.01,37.79,3.01,475.26,0.3442709620462831,157.89363525128397,0.01,0
wandaphillips@leonard.com,OliveDrab,11.47,35.68,1.81,374.27,0.32146860085570067,206.7788912823805,0.012,1
zachary94@gmail.com,Purple,11.68,38.72,3.59,463.59,0.3016528847713615,129.13366876499475,0.012,0
ppowell@gmail.com,BlueViolet,12.09,36.62,3.05,471.6,0.3301474513886551,154.6229001236393,0.012,0
bhill@pierce-kane.info,RoyalBlue,14.33,35.72,3.63,626.02,0.4011758006389754,172.45725276659704,0.008,0
matthewgraves@mills-shaffer.com,DarkSeaGreen,12.91,39.07,1.48,432.47,0.3304325484916164,292.20926202076896,0.012,1
nwagner@yahoo.com,AntiqueWhite,9.82,35.74,2.92,356.62,0.2747621635489042,122.13009516092632,0.01,0
jamesfaulkner@hoffman-wolfe.org,Blue,12.81,38.55,1.81,467.43,0.33229571122449525,258.2484761058143,0.008,1
phillipscarrie@gmail.com,FloralWhite,13.06,37.26,3.37,503.22,0.3505099208129383,149.32339782688493,0.008,0
samantha84@cortez.com,Navy,10.53,37.03,2.21,378.47,0.2843640214862538,171.25331617497005,0.01,1
edward29@knapp.com,DarkOrange,11.14,35.95,5.45,584.22,0.3098748175278215,107.19631060618154,0.006,0
hannahgilbert@gmail.com,Aqua,10.98,34.81,3.2,451.73,0.3154265924898997,141.16558088575596,0.012,0
lschroeder@gmail.com,Ivory,11.15,37.24,4.73,557.63,0.29940922933917213,117.89215266550683,0.004,0
thomaswendy@yahoo.com,LavenderBlush,11.95,36.19,3.21,432.72,0.3302017040563221,134.80369632283603,0.008,0
fuenteskathryn@schmidt-johnson.org,Cyan,11.47,37.06,3.8,506.42,0.30949810281980294,133.2683859820037,0.014,0
melissa08@rowe.net,Tan,11.04,38.62,4.12,510.16,0.2858622401382123,123.82521266378333,0.006,0
bradleysmith@barber.com,PaleVioletRed,11.17,35.63,5.46,587.57,0.3134998508700575,107.61353340411476,0.008,0
morganorozco@hotmail.com,LightPink,11.56,35.98,1.48,282.47,0.3212895964066261,190.85797915001413,0.008,1
johnsonhannah@gmail.com,Thistle,12.23,36.99,3.77,473.95,0.3306298910346069,125.71614702489468,0.01,0
javier02@landry.net,CadetBlue,13.19,38.07,2.9,489.91,0.3464670253095081,168.93442450537086,0.014,1
lmalone@gmail.com,AntiqueWhite,13.39,37.81,3.57,541.97,0.3541391072695291,151.81228240552315,0.01,0
brandon77@richardson.com,GhostWhite,11.85,36.93,1.08,266.09,0.3208773268107954,246.37940150055414,0.01,1
bhamilton@shaw.biz,DarkOrchid,12.27,36.58,3.02,494.69,0.33542918711237873,163.80458152166173,0.006,0
randyrobinson@hotmail.com,DarkGray,13.46,36.34,5.57,689.79,0.3703907437977231,123.8401932064285,0.004,0
ecruz@yahoo.com,Gainsboro,11.79,36.26,2.4,387.53,0.3251516733273118,161.47076605384746,0.008,1
wrightdanielle@gmail.com,DarkSalmon,10.99,37.37,3.5,441.9,0.2940861575037154,126.25710678368377,0.004,0
deandanny@yahoo.com,Ivory,12.64,36.52,5.23,604.84,0.34611171012837594,115.64816144394618,0.004,0
dblair@gmail.com,MediumSlateBlue,8.51,35.46,1.84,302.19,0.23998871291627996,164.23360639477914,0.006,1
veronicapruitt@hotmail.com,Cyan,11.66,36.55,3.36,479.61,0.31901503915143536,142.74102894612233,0.014,0
davischristina@hotmail.com,SeaGreen,11.97,36.55,2.96,506.13,0.3274965710671253,170.98980709803814,0.008,0
douglasdunlap@boone-rose.com,Purple,11.8,36.32,2.08,319.93,0.32488985889620436,153.81242605171823,0.012,1
david28@wallace-hill.org,LightBlue,12.68,35.62,3.68,528.31,0.3559797766429036,143.56246098846165,0.004,0
williammoore@rose.com,Brown,13.03,37.87,4.69,610.13,0.34407181557771815,130.09165669687488,0.01,0
angela25@walker.com,Chocolate,12.45,37.53,4.01,584.11,0.3317346034709671,145.6633053208715,0.008,0
arice@reynolds.info,Thistle,12.24,37.28,2.53,466.42,0.32832617145047827,184.3556583574473,0.01,1
adam75@gmail.com,Purple,10.97,36.61,2.87,404.82,0.29964489757866986,141.05221566124888,0.012,0
charlesgutierrez@hotmail.com,MistyRose,13.67,36.9,3.52,564.79,0.3704606945674609,160.45165896259687,0.006,0
codyandrews@hotmail.com,Indigo,13.39,37.19,4.07,596.52,0.36004301263664934,146.5650745540357,0.008,0
wheelernancy@hernandez.com,Gold,12.97,38.3,1.2,368.65,0.3386422888082954,307.2080773266022,0.008,1
drew27@ryan-thompson.com,PeachPuff,12.97,37.33,3.23,542.41,0.34744172656196826,167.92874057933727,0.012,0
suzanne63@gmail.com,LightSalmon,10.73,36.15,4.09,478.26,0.2968188023010014,116.93395673986387,0.01,0
mitchellscott@gmail.com,DarkOrange,10.95,37.65,4.02,473.36,0.2908366456617093,117.75121448974765,0.006,0
laurajimenez@gmail.com,SlateBlue,12.61,37.23,4.21,559.2,0.338705336054114,132.8265717751611,0.014,0
rogersheather@hamilton-jensen.org,MintCream,13.04,36.31,2.02,447.19,0.35912970644093345,221.38107852421854,0.006,1
ievans@hotmail.com,NavajoWhite,11.0,38.44,4.24,505.23,0.28616024229551923,119.15799076462481,0.002,0
john85@rodriguez.info,Tomato,13.28,37.39,4.63,557.25,0.3551751710303511,120.35634549538975,0.012,0
phillipsmark@byrd.net,DarkSeaGreen,10.63,38.04,3.0,422.37,0.2794426845572376,140.78995307001563,0.012,0
elizabeth61@berg-braun.com,Lavender,13.19,35.92,1.82,445.06,0.3672048895544296,244.5383271767433,0.006,1
dbenson@simpson.net,DodgerBlue,11.35,37.09,4.08,442.06,0.306012394014225,108.34801265980082,0.006,0
stephaniehill@hotmail.com,Wheat,12.95,37.11,3.69,533.04,0.3489625343852726,144.45524540508254,0.012,0
davisbriana@gmail.com,MediumVioletRed,11.74,37.94,2.19,424.2,0.3094359433464433,193.6985416901636,0.008,1
kday@gmail.com,Magenta,11.89,35.86,3.21,498.64,0.3315671965541775,155.3395154705559,0.01,0
jonathanconner@morales.biz,SeaShell,10.76,36.6,1.98,330.59,0.29398906300576333,166.96456213911003,0.006,1
anneingram@miller-alexander.com,HoneyDew,11.61,39.25,3.35,443.44,0.2957961708077409,132.37010974026575,0.008,0
jeffery48@mcguire.com,LightCyan,11.98,38.27,3.53,478.6,0.31303892571102887,135.58069813577958,0.008,0
theresamitchell@martin-chambers.biz,Khaki,12.46,37.43,2.97,440.0,0.33288804881410505,148.14809826663355,0.004,0
christianwade@butler.info,Crimson,10.08,38.07,2.62,357.78,0.26477540675662187,136.5571997873283,0.01,0
tina16@santiago.com,White,12.59,37.33,2.8,476.14,0.33726224652391523,170.04993926787884,0.01,1
vancealicia@hotmail.com,RoyalBlue,14.29,36.77,2.96,501.12,0.38863202641740474,169.29724010228375,0.008,1
dbell@hotmail.com,DarkViolet,11.92,37.77,4.35,592.69,0.31559437872400375,136.2505433906797,0.012,0
pamelahampton@martin-cobb.com,DarkSeaGreen,11.41,35.78,3.87,486.08,0.3188932275323302,125.60203472815638,0.012,0
mark81@wagner.com,Navy,12.82,37.96,4.62,576.03,0.33772391101886434,124.68179119441747,0.01,0
awerner@manning.com,Gray,11.67,37.84,2.73,442.72,0.3084037973466227,162.16843876613964,0.006,1
robertramirez@kaiser.com,Purple,10.61,37.98,3.54,461.79,0.27935754925335576,130.4491156923402,0.012,0
justin26@gmail.com,RosyBrown,12.51,35.82,3.13,488.39,0.3492462214057448,156.03509391850034,0.006,0
douglas95@yahoo.com,White,11.3,37.83,5.14,593.16,0.29870472379844776,115.40075575860783,0.01,0
qmorse@yahoo.com,MediumTurquoise,10.89,34.9,3.13,392.81,0.31203437501334175,125.49836246058707,0.008,0
jason50@bates.net,Bisque,12.1,36.38,3.18,443.2,0.33260032070917206,139.37102535502345,0.012,0
qeaton@savage.com,SaddleBrown,12.69,37.33,3.83,535.48,0.33994105706024497,139.8119739394324,0.012,0
tluna@hotmail.com,YellowGreen,11.39,38.2,4.81,533.4,0.298167531461583,110.89394783909609,0.006,0
kara33@gmail.com,LavenderBlush,10.73,36.88,4.05,532.13,0.29094359297875294,131.39009101479235,0.008,0
thomas22@yahoo.com,IndianRed,11.94,35.9,4.54,558.95,0.332590519983551,123.11671296988702,0.004,0
david47@hotmail.com,DarkKhaki,12.72,35.13,3.48,508.77,0.3620836788476038,146.19823385108222,0.008,0
beasleyjoseph@hotmail.com,SaddleBrown,10.97,35.97,2.63,403.77,0.3049763607179216,153.52465645450323,0.012,0
hoffmandaniel@yahoo.com,Orchid,13.42,37.76,4.79,640.58,0.35540253296073804,133.73274869879987,0.01,0
garnerjustin@king.com,DarkCyan,11.85,37.49,2.76,461.63,0.3160842807126092,167.25718577638196,0.008,1
francesjohnson@lee.com,Aquamarine,11.92,35.72,2.16,382.42,0.33370659760059923,177.0462143304563,0.006,1
awu@robinson.org,Brown,13.15,37.65,4.2,561.87,0.3492695790366646,133.77853957653818,0.01,0
xevans@hotmail.com,DarkMagenta,12.69,36.05,2.14,444.58,0.35201108593589225,207.74756647309974,0.01,1
lauriewilson@jackson.com,Cornsilk,10.35,39.05,3.43,401.03,0.26504480755327,116.91833325996113,0.008,0
cruiz@yahoo.com,LightSalmon,9.32,36.91,2.87,384.33,0.25250608906783834,133.91284532653472,0.01,0
tammy12@gmail.com,Chocolate,12.58,35.44,3.14,527.78,0.354966129938879,168.08274901823276,0.008,0
adamperkins@terrell.com,PaleVioletRed,11.76,37.92,3.53,482.14,0.3101265741000376,136.58353071288082,0.008,0
willie26@johnson-howard.com,Wheat,12.64,38.0,5.04,594.27,0.3326315701939061,117.91069089073592,0.012,0
yvaughn@meyer.com,OldLace,11.83,36.84,3.61,502.09,0.32111834090341096,139.08306396591024,0.004,0
carolfarley@gmail.com,SlateBlue,10.44,35.94,2.9,407.66,0.2904841321512484,140.57236531987402,0.014,0
rhonda01@gmail.com,Orchid,12.73,36.23,5.71,708.94,0.35136626134788135,124.15759646977295,0.01,0
david80@knight.com,MediumAquaMarine,9.48,37.91,5.05,531.96,0.2500659390644701,105.33859300225882,0.006,0
aaron04@yahoo.com,SeaGreen,10.16,37.76,4.78,521.24,0.26906778948443355,109.04600229163131,0.008,0
kaylahenderson@hotmail.com,MediumSpringGreen,11.61,38.11,2.97,447.37,0.30464444228169923,150.62957891259967,0.01,0
mholt@hotmail.com,LightSeaGreen,11.27,36.96,2.67,385.15,0.30492423417412784,144.25088230304033,0.008,0
tanya20@gmail.com,DarkKhaki,11.16,37.09,3.62,430.59,0.30088971957698246,118.94748095373453,0.008,0
aaron89@gmail.com,SaddleBrown,10.1,38.04,4.24,418.6,0.2655099825049952,98.72639180981325,0.012,0
hunterlucas@gmail.com,Turquoise,12.76,36.91,2.48,478.95,0.3457057614276413,193.1249221270475,0.012,1
sfarley@jones.com,AntiqueWhite,12.06,37.69,3.51,483.8,0.31997876572091366,137.83471856560726,0.01,0
sarahtran@dixon.com,GoldenRod,11.94,35.78,3.31,538.94,0.333705971668363,162.82170307501417,0.004,0
randywhite@armstrong.biz,Teal,12.45,36.67,3.54,486.16,0.33951458032411835,137.33329453861737,0.014,0
tsmith@yahoo.com,Bisque,12.28,38.3,1.13,385.1,0.3206266234823336,340.79615858747036,0.012,1
martinezleah@carter.com,PaleGreen,12.78,35.55,3.23,527.78,0.35949366077373673,163.39933021692562,0.002,0
steven00@combs.com,RosyBrown,12.96,37.95,3.35,547.19,0.3415019672858507,163.34024974917918,0.006,0
blakekent@smith-pena.com,Crimson,9.95,37.35,3.22,410.6,0.2663989219170302,127.51548834922721,0.01,0
amanda03@yahoo.com,Brown,13.13,35.43,3.79,583.98,0.3705898851089505,154.08439206216568,0.01,0
brandonsmith@yahoo.com,Gold,11.52,36.19,3.56,474.53,0.3183199690986469,133.29490637783528,0.008,0
thardy@perry.com,SeaGreen,10.97,34.57,2.93,414.94,0.3173271531001692,141.6176991065873,0.008,0
michael86@yahoo.com,LightYellow,13.53,38.95,3.05,550.81,0.34736841213431546,180.59338341200544,0.004,1
ulee@wells.com,LemonChiffon,12.04,34.49,2.74,458.78,0.3490866816733348,167.4378950956587,0.01,1
judithsmith@jimenez.biz,DarkOrange,10.94,36.17,2.78,407.54,0.30246059434723266,146.59706956939945,0.006,0
nblack@smith-romero.biz,LightCyan,12.66,37.03,4.33,581.31,0.3418849489093992,134.25170109660482,0.008,0
michaelcampbell@yahoo.com,Gray,11.73,36.88,3.42,546.56,0.3180585597055705,159.81281876818161,0.006,0
rcarter@crane-thompson.org,MediumVioletRed,11.92,37.32,3.34,503.18,0.31939977707932005,150.65264950519477,0.008,0
dwhite@gmail.com,OrangeRed,11.51,37.13,4.66,549.13,0.3099919119312709,117.83903050664581,0.004,0
vancemichelle@gmail.com,DeepPink,12.42,36.16,3.22,482.83,0.34347344182872125,149.94715840150357,0.012,0
kylemelendez@hotmail.com,DeepPink,13.89,38.38,3.77,557.61,0.3619072339263358,147.90712257105503,0.012,0
richard35@hale-duncan.net,GhostWhite,12.85,37.87,3.42,484.88,0.33931871298339816,141.77773632229932,0.01,0
waltonkaren@gmail.com,Green,10.89,35.57,6.12,669.99,0.3061568651628658,109.47547230792937,0.008,0
contrerastiffany@gmail.com,CadetBlue,12.91,36.05,3.49,547.71,0.3581137209954586,156.9369177831181,0.014,0
rogerstiffany@wilson-horne.com,DarkOliveGreen,11.57,38.92,4.08,537.83,0.2972764569045104,131.8210461222926,0.006,0
waltercharles@sanders.net,IndianRed,11.97,37.2,2.83,408.22,0.3217741848985434,144.24729885254456,0.004,0
john96@chan-anderson.biz,Snow,13.08,37.33,5.41,663.07,0.350388418151931,122.56374813978778,0.004,0
bushsharon@barber.com,DarkSeaGreen,11.96,36.52,3.45,506.38,0.3274917763556469,146.77676905021187,0.012,0
nicolegay@jennings.com,BlueViolet,13.25,37.31,2.94,528.42,0.3551326626874119,179.73463274332218,0.012,1
rchambers@hotmail.com,OliveDrab,13.09,38.32,4.75,632.12,0.34159706832993036,133.0778667204491,0.012,0
gomezalicia@hotmail.com,MediumSpringGreen,12.53,36.69,3.53,488.27,0.34150993890678827,138.3200741302906,0.01,0
potterkenneth@strickland.com,MediumSlateBlue,11.24,37.05,3.9,508.74,0.3033738109750659,130.44612039843068,0.006,0
charlesjackson@brady-fuller.net,GhostWhite,12.07,35.57,2.4,411.19,0.33933088728335997,171.32909527954362,0.01,1
jacquelinewest@pace-herrera.com,Purple,12.05,38.51,2.85,409.09,0.3129057306438398,143.54030051217524,0.012,0
stevenjohnson@yahoo.com,SandyBrown,11.23,37.0,3.78,467.8,0.30351350531044585,123.75658101677752,0.01,0
johnsonchelsea@gmail.com,LightCyan,11.91,35.19,4.35,512.17,0.33844841322965585,117.74020281834417,0.008,0
jenniferjenkins@jones.com,LightSalmon,13.05,38.78,4.57,608.27,0.33651365816107126,133.10062733027846,0.01,0
ebutler@rogers-gonzalez.com,Chartreuse,13.0,36.99,4.62,589.03,0.35144632734667947,127.49564339921137,0.004,0
ellenlucas@cox.org,DarkGoldenRod,11.52,35.94,3.01,444.05,0.3205342147875845,147.52486793193756,0.012,0
elizabethnunez@vasquez-nelson.net,Cornsilk,10.31,36.73,4.79,493.18,0.2806969703050104,102.96031253438152,0.008,0
ramirezjacob@turner.com,Magenta,12.43,37.63,4.33,532.72,0.3303215431750852,123.02999468129453,0.01,0
brian51@cook.info,SaddleBrown,10.75,38.79,1.43,275.92,0.2771332746292015,192.95091402033987,0.012,1
victoriajohnson@gmail.com,DarkViolet,11.02,37.64,4.14,511.04,0.2927736372801903,123.43958371024549,0.012,0
lawrencewalton@hotmail.com,Chocolate,12.22,36.95,2.91,438.42,0.3307171764352591,150.65974204132576,0.008,0
ashleymoreno@gmail.com,DarkViolet,12.33,37.07,3.98,475.73,0.33261396459093706,119.53012072107519,0.012,0
wesleyvance@moore.com,Magenta,10.81,36.01,3.7,483.54,0.3001943821106809,130.686451165824,0.01,0
edwardbrown@yahoo.com,HotPink,12.14,37.14,5.84,663.8,0.32687128899108003,113.66436409856779,0.008,0
youngellen@hotmail.com,DodgerBlue,12.94,36.73,4.56,544.41,0.3523005621480925,119.38813171312901,0.006,0
robin80@yahoo.com,Turquoise,13.3,36.39,4.49,630.16,0.36548501331450917,140.34740749500943,0.012,0
dana59@hotmail.com,Blue,10.4,36.68,3.86,461.11,0.2835332529025831,119.45851827499527,0.008,0
bwilliams@hotmail.com,PaleVioletRed,11.89,37.86,3.05,491.91,0.3140517613826794,161.2819143337986,0.008,0
whitetyler@anderson-avery.com,MidnightBlue,11.59,36.46,4.65,574.42,0.31788260236196925,123.53115622985885,0.008,0
rwilliams@trujillo.biz,BlanchedAlmond,13.27,37.24,4.02,530.77,0.3563372621821358,132.03230546460063,0.01,0
randall85@williams.com,Black,12.99,39.67,3.97,581.8,0.3274514664116091,146.549081473783,0.004,0
kevin45@mathews.net,DodgerBlue,14.04,37.02,3.74,556.3,0.3792544468056605,148.74327573709203,0.006,0
deborah48@white.com,DarkGreen,11.91,38.42,3.38,502.13,0.3099947863093497,148.5591276452285,0.01,0
hoganrichard@george.com,BlanchedAlmond,11.14,38.4,4.6,556.19,0.2901041591118709,120.91084328025148,0.01,0
kelly24@lewis.info,Bisque,12.9,36.61,2.22,475.07,0.3523627327953365,213.99539910117153,0.012,1
katherinegray@yahoo.com,Cyan,12.39,35.63,4.29,486.95,0.3477406582166529,113.50813204938646,0.014,0
efoster@williamson-boyd.org,Lavender,11.82,36.31,2.12,434.14,0.3255301480162449,204.78292227220643,0.006,1
jordandavid@gmail.com,Violet,10.99,36.35,0.94,304.14,0.3023383685739101,323.55284728420503,0.006,1
sanchezamber@scott-patterson.com,Fuchsia,14.13,37.02,3.76,571.22,0.3816855650544148,151.92017236165628,0.004,0
tinayoung@hotmail.com,MistyRose,11.91,36.09,4.0,583.08,0.3300083034079162,145.76996355750913,0.006,0
alicia28@fuller.com,CadetBlue,11.48,39.24,3.53,445.75,0.2925586062039091,126.27475176352641,0.014,0
rileyalejandro@gmail.com,LightSteelBlue,10.05,37.18,3.54,392.99,0.27030660919024724,111.01409293387205,0.006,0
oliviamarshall@sawyer-sellers.com,Brown,12.43,37.31,4.16,565.99,0.33315464129845507,136.05525575594814,0.01,0
hortonrobert@hotmail.com,Salmon,11.97,36.83,3.55,499.14,0.32500677912009834,140.6027772949923,0.006,0
montgomerycheyenne@hotmail.com,FireBrick,11.12,36.98,4.13,510.54,0.30070307461592555,123.61740348246889,0.004,0
martinkristi@sanchez-coleman.com,Lime,8.67,35.91,2.25,308.53,0.24143691892406244,137.12438350027398,0.008,0
jefferycampbell@gmail.com,GreenYellow,12.5,37.65,4.05,561.52,0.33200530326679145,138.64687934644954,0.014,0
webertom@phelps.com,DarkOrchid,12.13,35.46,3.07,423.47,0.34207556846938614,137.93806581821963,0.006,0
aschmidt@johnson.biz,Blue,11.73,35.63,4.33,513.15,0.32921694276685537,118.5103652401004,0.008,0
lisadelgado@gmail.com,Olive,11.95,36.49,3.94,529.19,0.3274869737602912,134.31214865173894,0.01,0
sharongraves@yahoo.com,Wheat,12.56,37.81,0.27,314.44,0.33218724326402427,1164.5882793026692,0.012,1
flevine@gmail.com,AliceBlue,12.48,37.68,3.28,478.58,0.3312101822927234,145.90849210106947,0.004,0
rskinner@johnson-jefferson.com,OliveDrab,12.59,37.68,2.57,444.58,0.3341295028097266,172.9882595376422,0.012,1
kiarakim@harris.org,Linen,10.95,37.65,3.83,475.02,0.2908366456617093,124.0260772777866,0.004,0
rachelrodriguez@lara-waters.com,LightSlateGray,11.48,36.84,2.4,436.72,0.3116177982731325,181.96659084725383,0.002,1
dbrown@gmail.com,Indigo,11.12,36.81,4.03,521.2,0.30209181466743235,129.32999272208616,0.008,0
mary45@gmail.com,Lime,10.97,37.72,3.63,478.18,0.2908271396917514,131.72999125895558,0.008,0
marcusleach@floyd.org,SteelBlue,11.59,36.32,3.19,432.48,0.31910792072940747,135.57362521202973,0.01,0
lmunoz@yahoo.com,Olive,10.71,35.77,3.39,438.3,0.2994129074807686,129.29199725899784,0.01,0
dvasquez@wiley.com,HoneyDew,11.08,34.78,2.57,388.94,0.318573883882292,151.33846251421693,0.008,0
dylanmartin@hotmail.com,MidnightBlue,12.95,37.03,3.47,534.77,0.3497164366806255,154.11234751805546,0.008,0
xkaufman@gmail.com,DarkViolet,10.57,36.86,4.2,537.92,0.2867607084438224,128.07615998186665,0.012,0
jasonhensley@yahoo.com,Sienna,11.66,37.43,2.09,407.88,0.31151481935573555,195.15780135990366,0.008,1
gstrong@hotmail.com,Pink,13.59,36.84,3.61,618.85,0.3688924981299539,171.4265453112063,0.008,0
arnoldsamuel@wilson.com,LightSkyBlue,11.37,35.26,4.03,502.77,0.3224617038439676,124.75679286431937,0.012,0
scottrose@yahoo.com,SaddleBrown,11.23,37.21,2.32,397.42,0.3018005831281757,171.3016503010128,0.012,1
salazarkaren@hotmail.com,SteelBlue,10.29,36.93,3.49,392.29,0.2786352483445641,112.40397925387413,0.01,0
susanibarra@yahoo.com,Thistle,14.12,38.41,5.32,689.24,0.367612591314434,129.5563666247431,0.01,0
nhenry@hotmail.com,BlanchedAlmond,12.42,37.67,3.13,543.13,0.32970532705852595,173.52390622239417,0.01,0
millerrachel@gallagher-nichols.com,Turquoise,10.77,34.65,4.99,577.74,0.3108225018521645,115.77953591592465,0.012,0
garciakevin@gmail.com,Orange,12.66,36.37,1.73,436.58,0.3480890748394536,252.35823563107766,0.012,1
philliproberson@yahoo.com,Beige,12.67,37.49,3.7,553.99,0.3379567794623425,149.7269865602739,0.006,0
kstafford@estes-nguyen.com,YellowGreen,13.97,36.67,1.79,427.36,0.38096535639581797,238.7484699729218,0.006,1
kennethperry@bowen.org,SlateGray,11.51,36.6,3.02,424.73,0.3144808657245665,140.63902627846812,0.008,0
prussell@lopez.com,Bisque,11.41,36.38,4.04,541.05,0.31363385613980604,133.92323417741727,0.012,0
mosleyjacob@yahoo.com,Orange,12.26,38.86,3.14,469.38,0.315491499858685,149.4840288267424,0.012,0
rhaas@yahoo.com,DimGray,12.71,36.17,2.56,444.55,0.3513961749683115,173.65227591707972,0.008,1
antonioharris@hotmail.com,MediumBlue,13.47,37.07,2.38,492.56,0.36336659392051274,206.95789623617804,0.01,1
austinthomas@gmail.com,AntiqueWhite,11.19,36.3,4.3,535.32,0.30826445431778365,124.49299430395483,0.01,0
bethsullivan@reed.net,Beige,11.25,38.68,2.09,408.96,0.29084797593464384,195.67454752413994,0.006,1
ncummings@yahoo.com,Beige,12.36,36.17,4.09,487.56,0.3417196477268552,119.20779481472009,0.006,0
hking@hotmail.com,PeachPuff,11.76,36.88,3.52,487.65,0.31887200870737503,138.53689246111009,0.012,0
annstone@hotmail.com,LightPink,11.76,38.13,1.82,402.17,0.30841855996804196,220.97240605911756,0.008,1
christopher44@hotmail.com,WhiteSmoke,11.55,35.77,4.18,551.02,0.3228962727733779,131.82293497058973,0.008,0
autumn88@mendoza-mills.com,MediumOrchid,12.48,35.54,3.39,497.39,0.3511536198324812,146.722670583283,0.004,0
dhudson@ramos.net,Olive,11.73,36.07,4.43,494.64,0.3252009890434991,111.65685967113777,0.01,0
egomez@hotmail.com,MistyRose,12.21,37.2,2.91,479.25,0.3282257976283388,164.69066505475425,0.006,0
kimberlyruiz@smith-gordon.com,DarkRed,11.9,36.87,2.78,462.66,0.322755619127865,166.4244005667624,0.006,1
mooremichelle@logan.com,Pink,12.22,36.36,3.45,515.5,0.3360835991176128,149.42024654485607,0.008,0
aaron22@gmail.com,DarkGray,12.01,36.53,4.71,576.48,0.32877086425483537,122.39487847242495,0.004,0
michelleshepherd@price.com,Orchid,11.91,36.06,1.23,357.86,0.33028285273758035,290.94285289198956,0.01,1
zscott@wright.com,PeachPuff,12.13,38.19,4.02,597.74,0.31762240592766683,148.69150530062058,0.012,0
tracy79@wheeler.net,Magenta,11.31,37.13,1.71,327.38,0.30460543214097946,191.45018043849097,0.01,1
brian28@sanchez.org,GhostWhite,11.61,37.68,3.16,510.4,0.30812101093097105,161.5189362281847,0.01,0
leonardhancock@hotmail.com,SeaShell,11.69,36.81,3.45,510.5,0.3175767368221479,147.9709716026169,0.006,0
davidsonkathleen@gmail.com,DarkBlue,11.2,37.84,2.21,403.82,0.2959830788587981,182.7238992199551,0.006,1
nathan84@lowery.net,MediumSeaGreen,12.63,35.54,5.41,627.6,0.3553742162246985,116.00737227220475,0.008,0
kellydeborah@chan.biz,DarkTurquoise,13.35,37.97,2.77,510.66,0.35159335392169205,184.35372406002742,0.006,1
lewisjessica@craig-evans.com,Tan,13.57,36.42,3.75,573.85,0.37259746368485824,153.02662585956645,0.006,0
katrina56@gmail.com,PaleVioletRed,11.7,37.19,3.58,529.05,0.3146006906533829,147.7792883298077,0.008,0
dale88@hotmail.com,Cornsilk,11.5,38.33,4.96,551.62,0.30002608139770204,111.21368725530499,0.008,0
cwilson@hotmail.com,Teal,12.39,36.84,2.34,456.47,0.3363192091118564,195.07256620830506,0.014,1
hannahwilson@davidson.com,DarkMagenta,12.42,35.77,2.74,497.78,0.34721832968358035,181.67146654326035,0.01,1
